-- components.json 数据导入SQL脚本
-- 生成时间: 2025-11-21T13:32:34.252Z
-- 数据版本: 1.4.0
-- 总组件数: 75

-- 设置字符集
SET NAMES utf8mb4;
SET FOREIGN_KEY_CHECKS = 0;

-- 清空现有数据
TRUNCATE TABLE case_specs;
TRUNCATE TABLE nvme_specs;
TRUNCATE TABLE ram_specs;
TRUNCATE TABLE gpu_specs;
TRUNCATE TABLE mb_specs;
TRUNCATE TABLE cpu_specs;
TRUNCATE TABLE components;
TRUNCATE TABLE brands;

-- 导入品牌数据
INSERT INTO brands (category, brand_name) VALUES ('cpu', 'AMD');
INSERT INTO brands (category, brand_name) VALUES ('cpu', 'Intel');
INSERT INTO brands (category, brand_name) VALUES ('mb', '华硕');
INSERT INTO brands (category, brand_name) VALUES ('mb', '技嘉');
INSERT INTO brands (category, brand_name) VALUES ('mb', '华擎');
INSERT INTO brands (category, brand_name) VALUES ('mb', '微星');
INSERT INTO brands (category, brand_name) VALUES ('mb', '七彩虹');
INSERT INTO brands (category, brand_name) VALUES ('mb', '铭瑄');
INSERT INTO brands (category, brand_name) VALUES ('mb', '映泰');
INSERT INTO brands (category, brand_name) VALUES ('mb', '昂达');
INSERT INTO brands (category, brand_name) VALUES ('gpu', '七彩虹');
INSERT INTO brands (category, brand_name) VALUES ('gpu', '影驰');
INSERT INTO brands (category, brand_name) VALUES ('gpu', '蓝宝石');
INSERT INTO brands (category, brand_name) VALUES ('gpu', '微星');
INSERT INTO brands (category, brand_name) VALUES ('gpu', '盈通');
INSERT INTO brands (category, brand_name) VALUES ('gpu', '耕升');
INSERT INTO brands (category, brand_name) VALUES ('gpu', '迪兰');
INSERT INTO brands (category, brand_name) VALUES ('gpu', '讯景');
INSERT INTO brands (category, brand_name) VALUES ('gpu', '翔升');
INSERT INTO brands (category, brand_name) VALUES ('gpu', '华硕');
INSERT INTO brands (category, brand_name) VALUES ('gpu', '索泰');
INSERT INTO brands (category, brand_name) VALUES ('gpu', '铭瑄');
INSERT INTO brands (category, brand_name) VALUES ('ram', '金百达');
INSERT INTO brands (category, brand_name) VALUES ('ram', '海盗船');
INSERT INTO brands (category, brand_name) VALUES ('ram', '芝奇');
INSERT INTO brands (category, brand_name) VALUES ('ram', '威刚');
INSERT INTO brands (category, brand_name) VALUES ('ram', '金士顿');
INSERT INTO brands (category, brand_name) VALUES ('ram', '科赋');
INSERT INTO brands (category, brand_name) VALUES ('ram', '博帝');
INSERT INTO brands (category, brand_name) VALUES ('ram', '十铨');
INSERT INTO brands (category, brand_name) VALUES ('nvme', '三星');
INSERT INTO brands (category, brand_name) VALUES ('nvme', '西部数据');
INSERT INTO brands (category, brand_name) VALUES ('nvme', '宏碁掠夺者');
INSERT INTO brands (category, brand_name) VALUES ('nvme', '英特尔');
INSERT INTO brands (category, brand_name) VALUES ('nvme', '金士顿');
INSERT INTO brands (category, brand_name) VALUES ('nvme', '铠侠');
INSERT INTO brands (category, brand_name) VALUES ('nvme', '英睿达');
INSERT INTO brands (category, brand_name) VALUES ('nvme', '闪迪');
INSERT INTO brands (category, brand_name) VALUES ('nvme', '浦科特');
INSERT INTO brands (category, brand_name) VALUES ('case', '航嘉');
INSERT INTO brands (category, brand_name) VALUES ('case', '酷冷至尊');
INSERT INTO brands (category, brand_name) VALUES ('case', '联力');
INSERT INTO brands (category, brand_name) VALUES ('case', '先马');
INSERT INTO brands (category, brand_name) VALUES ('case', '爱国者');
INSERT INTO brands (category, brand_name) VALUES ('case', '银欣');
INSERT INTO brands (category, brand_name) VALUES ('case', 'Fractal Design');
INSERT INTO brands (category, brand_name) VALUES ('case', '追风者');
INSERT INTO brands (category, brand_name) VALUES ('case', '骨伽');

-- 导入组件主表数据
INSERT INTO components (id, category, brand, title, specs) VALUES ('cpu-amd-Ryzen5_9600X', 'cpu', 'AMD', 'AMD Ryzen5 9600X', '{"name":"锐龙5 9600X","cores":"6核心","threads":"12线程","series":"Ryzen 5","process":"4纳米","hasFan":"不带风扇","socket":"Socket AM5","hasIGPU":"支持","l2Cache":"6MB","baseFreq":"3.9GHz","boostFreq":"5.4GHz","l3Cache":"32MB","tdp":"65W","price":"1599元","rating":"4.7","stock":"有货"}');
INSERT INTO components (id, category, brand, title, specs) VALUES ('cpu-amd-Ryzen7_5700X', 'cpu', 'AMD', 'AMD Ryzen7 5700X', '{"name":"锐龙7 5700X","cores":"8核心","threads":"16线程","series":"Ryzen 7","socket":"Socket AM4","baseFreq":"3.4GHz","boostFreq":"4.6GHz","cache":"36MB","tdp":"65W","hasFan":"不含风扇","price":"1299元","rating":"4.6","stock":"有货"}');
INSERT INTO components (id, category, brand, title, specs) VALUES ('cpu-intel-i5_13600K', 'cpu', 'Intel', 'Intel Core i5-13600K', '{"name":"英特尔酷睿i5-13600K","cores":"6核12线程","series":"Core i5","process":"Intel 7 (10nm)","hasFan":"带风扇","socket":"LGA 1700","hasIGPU":"支持","baseFreq":"3.5GHz","boostFreq":"5.1GHz","cache":"24MB","tdp":"125W/181W","price":"1799元","rating":"4.5","stock":"有货"}');
INSERT INTO components (id, category, brand, title, specs) VALUES ('cpu-intel-i7_13700K', 'cpu', 'Intel', 'Intel Core i7-13700K', '{"name":"英特尔酷睿i7-13700K","cores":"8核16线程","series":"Core i7","process":"Intel 7 (10nm)","hasFan":"带风扇","socket":"LGA 1700","hasIGPU":"支持","baseFreq":"3.4GHz","boostFreq":"5.4GHz","cache":"30MB","tdp":"125W/253W","price":"2699元","rating":"4.8","stock":"有货"}');
INSERT INTO components (id, category, brand, title, specs) VALUES ('cpu-amd-Ryzen9_7950X', 'cpu', 'AMD', 'AMD Ryzen9 7950X', '{"name":"AMD锐龙9 7950X","cores":"16核32线程","series":"Ryzen 9","process":"5纳米","hasFan":"不带风扇","socket":"Socket AM5","hasIGPU":"支持","baseFreq":"4.5GHz","boostFreq":"5.7GHz","cache":"80MB","tdp":"170W","price":"3999元","rating":"4.9","stock":"有货"}');
INSERT INTO components (id, category, brand, title, specs) VALUES ('cpu-intel-i9_13900K', 'cpu', 'Intel', 'Intel Core i9-13900K', '{"name":"英特尔酷睿i9-13900K","cores":"24核32线程","series":"Core i9","process":"Intel 7 (10nm)","hasFan":"带风扇","socket":"LGA 1700","hasIGPU":"支持","baseFreq":"3.0GHz","boostFreq":"5.8GHz","cache":"36MB","tdp":"125W/253W","price":"4299元","rating":"4.7","stock":"有货"}');
INSERT INTO components (id, category, brand, title, specs) VALUES ('cpu-amd-Ryzen5_7500F', 'cpu', 'AMD', 'AMD Ryzen5 7500F', '{"name":"AMD锐龙5 7500F","cores":"6核12线程","series":"Ryzen 5","process":"5纳米","hasFan":"不含风扇","socket":"Socket AM5","hasIGPU":"无","baseFreq":"3.7GHz","boostFreq":"5.0GHz","cache":"38MB","tdp":"65W","price":"1099元","rating":"4.4","stock":"有货"}');
INSERT INTO components (id, category, brand, title, specs) VALUES ('cpu-amd-Ryzen7_7700X', 'cpu', 'AMD', 'AMD Ryzen7 7700X', '{"name":"AMD锐龙7 7700X","cores":"8核16线程","series":"Ryzen 7","process":"5纳米","hasFan":"不含风扇","socket":"Socket AM5","hasIGPU":"支持","baseFreq":"4.5GHz","boostFreq":"5.4GHz","cache":"40MB","tdp":"105W","price":"2299元","rating":"4.6","stock":"有货"}');
INSERT INTO components (id, category, brand, title, specs) VALUES ('cpu-intel-i5_13400F', 'cpu', 'Intel', 'Intel Core i5-13400F', '{"name":"英特尔酷睿i5-13400F","cores":"10核16线程","series":"Core i5","process":"Intel 7 (10nm)","hasFan":"带风扇","socket":"LGA 1700","hasIGPU":"无","baseFreq":"2.5GHz","boostFreq":"4.6GHz","cache":"20MB","tdp":"148W","price":"1499元","rating":"4.3","stock":"有货"}');
INSERT INTO components (id, category, brand, title, specs) VALUES ('cpu-intel-i7_14700K', 'cpu', 'Intel', 'Intel Core i7-14700K', '{"name":"英特尔酷睿i7-14700K","cores":"20核28线程","series":"Core i7","process":"Intel 7 (10nm)","hasFan":"带风扇","socket":"LGA 1700","hasIGPU":"支持","baseFreq":"3.4GHz","boostFreq":"5.6GHz","cache":"33MB","tdp":"125W/253W","price":"3199元","rating":"4.7","stock":"有货"}');
INSERT INTO components (id, category, brand, title, specs) VALUES ('mb-asus-TUF_B850M_PLUS_WIFI6E', 'mb', '华硕', '华硕 TUF GAMING B850M-PLUS Wi-Fi 6E 重炮手', '{"name":"华硕TUFGAMINGB850M-PLUSWIFI","storageInterface":"SATA接口，M.2接口(NVMe协议)","rgb":"ARGB","cpuSocket":"Socket AM5","wifi":"Wi-Fi 6E","formFactor":"MATX","pcie":"支持PCIE5.0","chipset":"B850","m2Slots":"3个","sataPorts":"≤4","ddrGen":"DDR5","memStandard":"7600MHz；8000MHz","memSlots":"4个","maxMem":"256GB","maxLan":"2500M","powerPins":"24+16","powerPhase":"14+2+1","price":"1599元","rating":"4.6","stock":"有货"}');
INSERT INTO components (id, category, brand, title, specs) VALUES ('mb-gigabyte-B650M_GAMING_DDR5', 'mb', '技嘉', '技嘉 B650M AORUS ELITE AX', '{"cpuSocket":"Socket AM5","formFactor":"MATX","ddrGen":"DDR5","memSlots":"4个","m2Slots":"2个","pcie":"支持PCIe4.0","chipset":"B650","wifi":"Wi-Fi 6","rgb":"RGB FUSION","powerPhase":"8+2+1","price":"1299元","rating":"4.4","stock":"有货"}');
INSERT INTO components (id, category, brand, title, specs) VALUES ('mb-asrock-B650M_PHANTOM', 'mb', '华擎', '华擎 B650M Phantom Gaming', '{"cpuSocket":"Socket AM5","formFactor":"MATX","ddrGen":"DDR5","memSlots":"4个","m2Slots":"3个","pcie":"支持PCIe4.0","chipset":"B650","wifi":"Wi-Fi 6E","rgb":"ARGB","powerPhase":"10+2+1","price":"1399元","rating":"4.3","stock":"有货"}');
INSERT INTO components (id, category, brand, title, specs) VALUES ('mb-msi-Z790_TOMAHAWK', 'mb', '微星', '微星 MPG Z790 TOMAHAWK WIFI', '{"cpuSocket":"LGA 1700","formFactor":"ATX","ddrGen":"DDR5","memSlots":"4个","m2Slots":"5个","pcie":"支持PCIe5.0","chipset":"Z790","wifi":"Wi-Fi 6E","rgb":"MYSTIC LIGHT","powerPhase":"16+1+1","price":"2199元","rating":"4.6","stock":"有货"}');
INSERT INTO components (id, category, brand, title, specs) VALUES ('mb-colorful-B760M_FROZEN', 'mb', '七彩虹', '七彩虹 B760M FROZEN D5 V20', '{"cpuSocket":"LGA 1700","formFactor":"MATX","ddrGen":"DDR5","memSlots":"4个","m2Slots":"3个","pcie":"支持PCIe4.0","chipset":"B760","wifi":"Wi-Fi 6","rgb":"ARGB","powerPhase":"12+1+1","price":"999元","rating":"4.2","stock":"有货"}');
INSERT INTO components (id, category, brand, title, specs) VALUES ('mb-maxsun-B760M_D5', 'mb', '铭瑄', '铭瑄 MS-挑战者 B760M D5', '{"cpuSocket":"LGA 1700","formFactor":"MATX","ddrGen":"DDR5","memSlots":"4个","m2Slots":"2个","pcie":"支持PCIe4.0","chipset":"B760","wifi":"无","rgb":"ARGB","powerPhase":"8+1+1","price":"799元","rating":"4.1","stock":"有货"}');
INSERT INTO components (id, category, brand, title, specs) VALUES ('mb-biostar-B650MT', 'mb', '映泰', '映泰 B650MT-SILVER', '{"cpuSocket":"Socket AM5","formFactor":"MATX","ddrGen":"DDR5","memSlots":"4个","m2Slots":"2个","pcie":"支持PCIe4.0","chipset":"B650","wifi":"无","rgb":"无","powerPhase":"8+2+1","price":"899元","rating":"4.0","stock":"有货"}');
INSERT INTO components (id, category, brand, title, specs) VALUES ('mb-asus-ROG_STRIX_Z790E', 'mb', '华硕', '华硕 ROG STRIX Z790-E GAMING WIFI', '{"cpuSocket":"LGA 1700","formFactor":"ATX","ddrGen":"DDR5","memSlots":"4个","m2Slots":"5个","pcie":"支持PCIe5.0","chipset":"Z790","wifi":"Wi-Fi 6E","rgb":"ARGB","powerPhase":"18+1+2","price":"3299元","rating":"4.8","stock":"有货"}');
INSERT INTO components (id, category, brand, title, specs) VALUES ('mb-asrock-X670E_TAICHI', 'mb', '华擎', '华擎 X670E TAICHI', '{"cpuSocket":"Socket AM5","formFactor":"ATX","ddrGen":"DDR5","memSlots":"4个","m2Slots":"4个","pcie":"支持PCIe5.0","chipset":"X670E","wifi":"Wi-Fi 6E","rgb":"ARGB","powerPhase":"24+2+1","price":"3999元","rating":"4.7","stock":"有货"}');
INSERT INTO components (id, category, brand, title, specs) VALUES ('mb-onda-H610M', 'mb', '昂达', '昂达 H610M-D4', '{"cpuSocket":"LGA 1700","formFactor":"MATX","ddrGen":"DDR4","memSlots":"2个","m2Slots":"1个","pcie":"支持PCIe4.0","chipset":"H610","wifi":"无","rgb":"无","powerPhase":"5+1","price":"399元","rating":"3.8","stock":"有货"}');
INSERT INTO components (id, category, brand, title, specs) VALUES ('gpu-colorful-RTX5060_8GB_DUO', 'gpu', '七彩虹', '七彩虹 RTX5060 8GB DUO 战斧', '{"vram":"8GB","vramType":"GDDR7","vramBitWidth":"128bit","interface":"HDMI,DP","model":"RTX 5060","chip":"NVIDIA","fans":"三风扇","rgb":"有","powerConnector":"8pin x 1","series":"七彩虹 战斧","powerRecommendation":"550W以上","length":"20cm","price":"2299元","rating":"4.5","stock":"有货"}');
INSERT INTO components (id, category, brand, title, specs) VALUES ('gpu-galax-RTX4070_12GB_XOC', 'gpu', '影驰', '影驰 RTX4070 12GB 星耀 OC', '{"vram":"12GB","vramType":"GDDR6X","vramBitWidth":"192bit","interface":"HDMI,DP","model":"RTX 4070","chip":"NVIDIA","fans":"三风扇","rgb":"RGB","powerConnector":"8pin x 1","series":"影驰 星耀","powerRecommendation":"650W以上","length":"32cm","price":"4499元","rating":"4.7","stock":"有货"}');
INSERT INTO components (id, category, brand, title, specs) VALUES ('gpu-sapphire-RX7800_16GB', 'gpu', '蓝宝石', '蓝宝石 RX7800 XT 16GB 白金版', '{"vram":"16GB","vramType":"GDDR6","vramBitWidth":"256bit","interface":"HDMI,DP,USB-C","model":"RX 7800 XT","chip":"AMD","fans":"三风扇","rgb":"有","powerConnector":"8pin x 2","series":"蓝宝石 白金版","powerRecommendation":"700W以上","length":"31cm","price":"4699元","rating":"4.6","stock":"有货"}');
INSERT INTO components (id, category, brand, title, specs) VALUES ('gpu-msi-RTX4080_16GB', 'gpu', '微星', '微星 RTX4080 16GB GAMING X TRIO', '{"vram":"16GB","vramType":"GDDR6X","vramBitWidth":"256bit","interface":"HDMI,DP","model":"RTX 4080","chip":"NVIDIA","fans":"三风扇","rgb":"MYSTIC LIGHT","powerConnector":"12VHPWR","series":"微星 GAMING X TRIO","powerRecommendation":"750W以上","length":"33.7cm","price":"8999元","rating":"4.8","stock":"有货"}');
INSERT INTO components (id, category, brand, title, specs) VALUES ('gpu-yeston-RTX4090_24GB', 'gpu', '盈通', '盈通 RTX4090 24GB 樱瞳', '{"vram":"24GB","vramType":"GDDR6X","vramBitWidth":"384bit","interface":"HDMI,DP","model":"RTX 4090","chip":"NVIDIA","fans":"三风扇","rgb":"有","powerConnector":"12VHPWR","series":"盈通 樱瞳","powerRecommendation":"850W以上","length":"30.4cm","price":"12999元","rating":"4.9","stock":"有货"}');
INSERT INTO components (id, category, brand, title, specs) VALUES ('gpu-gainward-RTX4060_8GB', 'gpu', '耕升', '耕升 RTX4060 追风 8GB', '{"vram":"8GB","vramType":"GDDR6","vramBitWidth":"128bit","interface":"HDMI,DP","model":"RTX 4060","chip":"NVIDIA","fans":"双风扇","rgb":"无","powerConnector":"8pin","series":"耕升 追风","powerRecommendation":"500W以上","length":"24cm","price":"2399元","rating":"4.3","stock":"有货"}');
INSERT INTO components (id, category, brand, title, specs) VALUES ('gpu-dataland-RX6750XT_12GB', 'gpu', '迪兰', '迪兰 RX6750XT 12GB X战将', '{"vram":"12GB","vramType":"GDDR6","vramBitWidth":"192bit","interface":"HDMI,DP","model":"RX 6750 XT","chip":"AMD","fans":"双风扇","rgb":"无","powerConnector":"8pin x 1","series":"迪兰 X战将","powerRecommendation":"650W以上","length":"26.8cm","price":"2799元","rating":"4.2","stock":"有货"}');
INSERT INTO components (id, category, brand, title, specs) VALUES ('gpu-xfx-RX7900XTX_24GB', 'gpu', '讯景', '讯景 RX7900XTX 24GB 海外版', '{"vram":"24GB","vramType":"GDDR6","vramBitWidth":"384bit","interface":"HDMI,DP,USB-C","model":"RX 7900 XTX","chip":"AMD","fans":"三风扇","rgb":"有","powerConnector":"8pin x 3","series":"讯景 海外版","powerRecommendation":"800W以上","length":"32.7cm","price":"7999元","rating":"4.6","stock":"有货"}');
INSERT INTO components (id, category, brand, title, specs) VALUES ('gpu-asa-RTX4070Ti_12GB', 'gpu', '翔升', '翔升 RTX4070Ti 12GB 战神', '{"vram":"12GB","vramType":"GDDR6X","vramBitWidth":"192bit","interface":"HDMI,DP","model":"RTX 4070 Ti","chip":"NVIDIA","fans":"三风扇","rgb":"有","powerConnector":"12VHPWR","series":"翔升 战神","powerRecommendation":"700W以上","length":"30.4cm","price":"5999元","rating":"4.4","stock":"有货"}');
INSERT INTO components (id, category, brand, title, specs) VALUES ('gpu-asus-TUF-RTX4060Ti_8GB', 'gpu', '华硕', '华硕 TUF-RTX4060Ti-O8G-GAMING', '{"vram":"8GB","vramType":"GDDR6X","vramBitWidth":"128bit","interface":"HDMI,DP","model":"RTX 4060 Ti","chip":"NVIDIA","fans":"三风扇","rgb":"ARGB","powerConnector":"8pin","series":"华硕 TUF GAMING","powerRecommendation":"550W以上","length":"26.9cm","price":"3299元","rating":"4.5","stock":"有货"}');
INSERT INTO components (id, category, brand, title, specs) VALUES ('gpu-zotac-RTX4070S_12GB', 'gpu', '索泰', '索泰 RTX4070 SUPER 12GB 天启 OC', '{"vram":"12GB","vramType":"GDDR6X","vramBitWidth":"192bit","interface":"HDMI,DP","model":"RTX 4070 SUPER","chip":"NVIDIA","fans":"三风扇","rgb":"ARGB","powerConnector":"8pin x 2","series":"索泰 天启","powerRecommendation":"650W以上","length":"30.5cm","price":"4899元","rating":"4.6","stock":"有货"}');
INSERT INTO components (id, category, brand, title, specs) VALUES ('gpu-maxsun-RTX4060_8GB', 'gpu', '铭瑄', '铭瑄 RTX4060 8GB 终结者', '{"vram":"8GB","vramType":"GDDR6","vramBitWidth":"128bit","interface":"HDMI,DP","model":"RTX 4060","chip":"NVIDIA","fans":"双风扇","rgb":"无","powerConnector":"8pin","series":"铭瑄 终结者","powerRecommendation":"500W以上","length":"24.5cm","price":"2299元","rating":"4.3","stock":"有货"}');
INSERT INTO components (id, category, brand, title, specs) VALUES ('gpu-asus-tuf-rtx4060ti-8gb', 'gpu', '华硕', '华硕 TUF-RTX4060Ti-O8G-GAMING', '{"vram":"8GB","vramType":"GDDR6","vramBitWidth":"128bit","interface":"PCIe 4.0","model":"RTX 4060 Ti","chip":"NVIDIA","fans":"3","rgb":"ARGB","powerConnector":"8pin","series":"华硕 TUF","powerRecommendation":"550W以上","length":"30.5cm","price":"3299元","rating":"4.5","stock":"有货"}');
INSERT INTO components (id, category, brand, title, specs) VALUES ('ram-jinbaida-DDR5_16GB_6000', 'ram', '金百达', '金百达 银爵 DDR5 16GB 6000MHz', '{"capacity":"16GB","speed":"6000MHz","ddrGen":"DDR5","timing":"CL30","voltage":"1.35V","rgb":"无","price":"399元","rating":"4.4","stock":"有货"}');
INSERT INTO components (id, category, brand, title, specs) VALUES ('ram-corsair-DDR5_32GB_6400', 'ram', '海盗船', '海盗船 复仇者 DDR5 32GB 6400MHz', '{"capacity":"32GB","speed":"6400MHz","ddrGen":"DDR5","timing":"CL32","voltage":"1.35V","rgb":"无","price":"899元","rating":"4.6","stock":"有货"}');
INSERT INTO components (id, category, brand, title, specs) VALUES ('ram-gskill-DDR5_64GB_6000', 'ram', '芝奇', '芝奇 幻锋戟 DDR5 64GB 6000MHz', '{"capacity":"64GB","speed":"6000MHz","ddrGen":"DDR5","timing":"CL30","voltage":"1.35V","rgb":"ARGB","price":"1899元","rating":"4.7","stock":"有货"}');
INSERT INTO components (id, category, brand, title, specs) VALUES ('ram-gloway-DDR4_3600_32GB', 'ram', '金百达', '金百达 32G(16GX2) 3600 DDR4 HY C18 银爵', '{"name":"金百达 DDR4 3600 32GB(16GBX2) 台式机内存 银爵系列","ddrGen":"DDR4","appearance":"马甲","capacity":"32GB","frequency":"3600/3733MHZ","quantity":"2条套条","price":"499元","rating":"4.3","stock":"有货"}');
INSERT INTO components (id, category, brand, title, specs) VALUES ('ram-corsair-DDR5_5600_32GB', 'ram', '海盗船', '海盗船复仇者RGB 32G(16G×2) 5600 DDR5', '{"name":"海盗船复仇者RGB DDR5 5600MHz","ddrGen":"DDR5","appearance":"RGB马甲","capacity":"32GB","frequency":"5600MHz","quantity":"2条套条","timings":"CL36","price":"799元","rating":"4.6","stock":"有货"}');
INSERT INTO components (id, category, brand, title, specs) VALUES ('ram-gskill-DDR5_6400_32GB', 'ram', '芝奇', '芝奇 焰光戟 32G(16G×2) 6400 DDR5', '{"name":"芝奇焰光戟RGB DDR5","ddrGen":"DDR5","appearance":"RGB马甲","capacity":"32GB","frequency":"6400MHz","quantity":"2条套条","timings":"CL32","price":"999元","rating":"4.7","stock":"有货"}');
INSERT INTO components (id, category, brand, title, specs) VALUES ('ram-adata-DDR4_3600_16GB', 'ram', '威刚', '威刚 龙耀D50 16G(8G×2) 3600 DDR4', '{"name":"威刚龙耀D50 DDR4","ddrGen":"DDR4","appearance":"RGB马甲","capacity":"16GB","frequency":"3600MHz","quantity":"2条套条","timings":"CL18","price":"399元","rating":"4.4","stock":"有货"}');
INSERT INTO components (id, category, brand, title, specs) VALUES ('ram-kingston-DDR5_6000_64GB', 'ram', '金士顿', '金士顿 FURY Beast 64G(32G×2) 6000 DDR5', '{"name":"金士顿FURY Beast DDR5","ddrGen":"DDR5","appearance":"黑色散热片","capacity":"64GB","frequency":"6000MHz","quantity":"2条套条","timings":"CL40","price":"1599元","rating":"4.5","stock":"有货"}');
INSERT INTO components (id, category, brand, title, specs) VALUES ('ram-klevv-DDR5_6000_32GB', 'ram', '科赋', '科赋 32G(16G×2) 6000 DDR5', '{"name":"科赋CRAS DDR5","ddrGen":"DDR5","appearance":"RGB马甲","capacity":"32GB","frequency":"6000MHz","quantity":"2条套条","timings":"CL30","price":"899元","rating":"4.5","stock":"有货"}');
INSERT INTO components (id, category, brand, title, specs) VALUES ('ram-patriot-DDR4_3200_64GB', 'ram', '博帝', '博帝 64G(16G×4) 3200 DDR4', '{"name":"博帝Viper DDR4","ddrGen":"DDR4","appearance":"马甲","capacity":"64GB","frequency":"3200MHz","quantity":"4条套条","timings":"CL16","price":"1599元","rating":"4.4","stock":"有货"}');
INSERT INTO components (id, category, brand, title, specs) VALUES ('ram-corsair-DDR5_5600_64GB', 'ram', '海盗船', '海盗船 64G(16G×4) 5600 DDR5', '{"name":"海盗船DOMINATOR DDR5","ddrGen":"DDR5","appearance":"RGB马甲","capacity":"64GB","frequency":"5600MHz","quantity":"4条套条","timings":"CL36","price":"2999元","rating":"4.8","stock":"有货"}');
INSERT INTO components (id, category, brand, title, specs) VALUES ('ram-gskill-DDR5_6000_48GB', 'ram', '芝奇', '芝奇幻锋戟 48G(24G×2) 6000 DDR5', '{"name":"芝奇幻锋戟DDR5","ddrGen":"DDR5","appearance":"RGB马甲","capacity":"48GB","frequency":"6000MHz","quantity":"2条套条","timings":"CL30","price":"1299元","rating":"4.7","stock":"有货"}');
INSERT INTO components (id, category, brand, title, specs) VALUES ('ram-team-DDR4_3200_16GB', 'ram', '十铨', '十铨 16G(8G×2) 3200 DDR4', '{"name":"十铨Delta DDR4","ddrGen":"DDR4","appearance":"RGB马甲","capacity":"16GB","frequency":"3200MHz","quantity":"2条套条","timings":"CL16","price":"349元","rating":"4.2","stock":"有货"}');
INSERT INTO components (id, category, brand, title, specs) VALUES ('nvme-samsung-980PRO_1TB', 'nvme', '三星', '三星 980 PRO 1TB NVMe M.2', '{"capacity":"1TB","interface":"PCIe 4.0","readSpeed":"7000MB/s","writeSpeed":"5000MB/s","tbw":"600TBW","formFactor":"M.2 2280","cache":"1GB","price":"699元","rating":"4.8","stock":"有货"}');
INSERT INTO components (id, category, brand, title, specs) VALUES ('nvme-wd-SN850X_2TB', 'nvme', '西部数据', '西部数据 SN850X 2TB NVMe M.2', '{"capacity":"2TB","interface":"PCIe 4.0","readSpeed":"7300MB/s","writeSpeed":"6600MB/s","tbw":"1200TBW","formFactor":"M.2 2280","cache":"2GB","price":"1199元","rating":"4.7","stock":"有货"}');
INSERT INTO components (id, category, brand, title, specs) VALUES ('nvme-acer-PREDATOR_4TB', 'nvme', '宏碁掠夺者', '宏碁掠夺者 GM7000 4TB NVMe M.2', '{"capacity":"4TB","interface":"PCIe 4.0","readSpeed":"7400MB/s","writeSpeed":"6700MB/s","tbw":"3000TBW","formFactor":"M.2 2280","cache":"4GB","price":"1999元","rating":"4.6","stock":"有货"}');
INSERT INTO components (id, category, brand, title, specs) VALUES ('nvme-samsung-980_1TB', 'nvme', '三星', '三星 980 1TB NVMe', '{"capacity":"1TB","interface":"PCIe 3.0 x4","formFactor":"M.2 2280","seqRead":"3100MB/s","seqWrite":"2600MB/s","randomRead":"500K IOPS","randomWrite":"480K IOPS","nandType":"TLC","cache":"512MB","endurance":"600TBW","series":"三星 980","price":"799元","rating":"4.7","stock":"有货"}');
INSERT INTO components (id, category, brand, title, specs) VALUES ('nvme-wd-sn770_1TB', 'nvme', '西部数据', '西部数据 SN770 1TB NVMe', '{"capacity":"1TB","interface":"PCIe 4.0 x4","formFactor":"M.2 2280","seqRead":"5150MB/s","seqWrite":"4900MB/s","randomRead":"750K IOPS","randomWrite":"800K IOPS","nandType":"TLC","cache":"无DRAM缓存","endurance":"600TBW","series":"西部数据 SN770","price":"699元","rating":"4.6","stock":"有货"}');
INSERT INTO components (id, category, brand, title, specs) VALUES ('nvme-intel-670p_1TB', 'nvme', '英特尔', '英特尔 670p 1TB NVMe', '{"capacity":"1TB","interface":"PCIe 3.0 x4","formFactor":"M.2 2280","seqRead":"3500MB/s","seqWrite":"2000MB/s","randomRead":"390K IOPS","randomWrite":"540K IOPS","nandType":"QLC","cache":"512MB","endurance":"300TBW","series":"英特尔 670p","price":"649元","rating":"4.3","stock":"有货"}');
INSERT INTO components (id, category, brand, title, specs) VALUES ('nvme-kingston-kc3000_2TB', 'nvme', '金士顿', '金士顿 KC3000 2TB NVMe', '{"capacity":"2TB","interface":"PCIe 4.0 x4","formFactor":"M.2 2280","seqRead":"7000MB/s","seqWrite":"7000MB/s","randomRead":"1000K IOPS","randomWrite":"1000K IOPS","nandType":"TLC","cache":"2GB","endurance":"1400TBW","series":"金士顿 KC3000","price":"1499元","rating":"4.7","stock":"有货"}');
INSERT INTO components (id, category, brand, title, specs) VALUES ('nvme-kioxia-exceria_4TB', 'nvme', '铠侠', '铠侠 EXCERIA 4TB NVMe', '{"capacity":"4TB","interface":"PCIe 4.0 x4","formFactor":"M.2 2280","seqRead":"7300MB/s","seqWrite":"6400MB/s","randomRead":"800K IOPS","randomWrite":"1200K IOPS","nandType":"TLC","cache":"2GB","endurance":"1600TBW","series":"铠侠 EXCERIA PRO","price":"2499元","rating":"4.6","stock":"有货"}');
INSERT INTO components (id, category, brand, title, specs) VALUES ('nvme-crucial-p5plus_2TB', 'nvme', '英睿达', '英睿达 P5 Plus 2TB NVMe', '{"capacity":"2TB","interface":"PCIe 4.0 x4","formFactor":"M.2 2280","seqRead":"6600MB/s","seqWrite":"5000MB/s","randomRead":"640K IOPS","randomWrite":"700K IOPS","nandType":"TLC","cache":"2GB","endurance":"1200TBW","series":"英睿达 P5 Plus","price":"1399元","rating":"4.5","stock":"有货"}');
INSERT INTO components (id, category, brand, title, specs) VALUES ('nvme-sandisk-extreme_1TB', 'nvme', '闪迪', '闪迪 Extreme 1TB NVMe', '{"capacity":"1TB","interface":"PCIe 4.0 x4","formFactor":"M.2 2280","seqRead":"7300MB/s","seqWrite":"5900MB/s","randomRead":"800K IOPS","randomWrite":"1000K IOPS","nandType":"TLC","cache":"1GB","endurance":"700TBW","series":"闪迪 Extreme","price":"899元","rating":"4.6","stock":"有货"}');
INSERT INTO components (id, category, brand, title, specs) VALUES ('nvme-plextor-m10p_2TB', 'nvme', '浦科特', '浦科特 M10P 2TB NVMe', '{"capacity":"2TB","interface":"PCIe 4.0 x4","formFactor":"M.2 2280","seqRead":"7700MB/s","seqWrite":"7000MB/s","randomRead":"1000K IOPS","randomWrite":"1000K IOPS","nandType":"TLC","cache":"2GB","endurance":"1500TBW","series":"浦科特 M10P","price":"1699元","rating":"4.7","stock":"有货"}');
INSERT INTO components (id, category, brand, title, specs) VALUES ('nvme-samsung-990pro_4TB', 'nvme', '三星', '三星 990 PRO 4TB NVMe', '{"capacity":"4TB","interface":"PCIe 4.0 x4","formFactor":"M.2 2280","seqRead":"7450MB/s","seqWrite":"6900MB/s","randomRead":"1400K IOPS","randomWrite":"1550K IOPS","nandType":"TLC","cache":"4GB","endurance":"2400TBW","series":"三星 990 PRO","price":"2999元","rating":"4.9","stock":"有货"}');
INSERT INTO components (id, category, brand, title, specs) VALUES ('nvme-wd-sn850x_2TB', 'nvme', '西部数据', '西部数据 SN850X 2TB NVMe', '{"capacity":"2TB","interface":"PCIe 4.0 x4","formFactor":"M.2 2280","seqRead":"7300MB/s","seqWrite":"6600MB/s","randomRead":"1200K IOPS","randomWrite":"1100K IOPS","nandType":"TLC","cache":"2GB","endurance":"1200TBW","series":"西部数据 SN850X","price":"1599元","rating":"4.8","stock":"有货"}');
INSERT INTO components (id, category, brand, title, specs) VALUES ('case-huntkey-AX500', 'case', '航嘉', '航嘉 暗夜猎手 AX500', '{"formFactor":"ATX","motherboardSupport":"ATX/MATX/ITX","gpuLength":"≤35cm","cpuCoolerHeight":"≤16.5cm","psuSupport":"ATX","fanSlots":"前3/顶2/后1","rgb":"有","price":"199元","rating":"4.2","stock":"有货"}');
INSERT INTO components (id, category, brand, title, specs) VALUES ('case-coolermaster-TD500', 'case', '酷冷至尊', '酷冷至尊 TD500 MESH', '{"formFactor":"ATX","motherboardSupport":"ATX/MATX/ITX","gpuLength":"≤41cm","cpuCoolerHeight":"≤16.5cm","psuSupport":"ATX","fanSlots":"前3/顶2/后1","rgb":"ARGB","price":"399元","rating":"4.5","stock":"有货"}');
INSERT INTO components (id, category, brand, title, specs) VALUES ('case-lianli-O11D', 'case', '联力', '联力 包豪斯 O11 Dynamic', '{"formFactor":"ATX","motherboardSupport":"ATX/EATX/MATX/ITX","gpuLength":"≤42cm","cpuCoolerHeight":"≤16.7cm","psuSupport":"ATX","fanSlots":"侧3/底3/顶3/后1","rgb":"无","price":"899元","rating":"4.8","stock":"有货"}');
INSERT INTO components (id, category, brand, title, specs) VALUES ('case-huntkey-S900', 'case', '航嘉', '航嘉 S900 沙尘暴 无立柱 海景房 白', '{"name":"航嘉（Huntkey）S920暴风雪","waterCooling":"240冷排","size":"中型机箱（中塔机箱）","type":"玻璃侧透机箱，机箱电源套装","weight":"5-8kg","rgb":"不支持RGB光控","mbSupport":"MATX, ITX","color":"白色","gpuMaxLength":"≤37cm","cpuCoolerHeight":"155mm","price":"399元","rating":"4.4","stock":"有货"}');
INSERT INTO components (id, category, brand, title, specs) VALUES ('case-sagan-Air', 'case', '先马', '先马 朱雀air 玻璃侧透', '{"waterCooling":"360冷排","size":"中塔机箱","type":"玻璃侧透","mbSupport":"ATX, MATX, ITX","color":"黑色","gpuMaxLength":"≤40cm","cpuCoolerHeight":"175mm","frontPorts":"USB3.0×2, Type-C","fanSlots":"最多10个","price":"299元","rating":"4.2","stock":"有货"}');
INSERT INTO components (id, category, brand, title, specs) VALUES ('case-coolerMaster-TD500', 'case', '酷冷至尊', '酷冷至尊 TD500 Mesh', '{"waterCooling":"360冷排","size":"中塔机箱","type":"网孔面板","mbSupport":"ATX, MATX, ITX","color":"黑色","gpuMaxLength":"≤41cm","cpuCoolerHeight":"165mm","frontPorts":"USB3.1×2, USB-C","fanSlots":"最多7个","price":"549元","rating":"4.5","stock":"有货"}');
INSERT INTO components (id, category, brand, title, specs) VALUES ('case-aigo-StarDust', 'case', '爱国者', '爱国者 星璨岚 海景房', '{"waterCooling":"360冷排","size":"中塔机箱","type":"玻璃侧透","mbSupport":"ATX, MATX, ITX","color":"白色","gpuMaxLength":"≤43cm","cpuCoolerHeight":"178mm","frontPorts":"USB3.0×2, Type-C","fanSlots":"最多9个","price":"399元","rating":"4.3","stock":"有货"}');
INSERT INTO components (id, category, brand, title, specs) VALUES ('case-lianli-O11', 'case', '联力', '联力 包豪斯O11 Dynamic EVO', '{"waterCooling":"360冷排","size":"中塔机箱","type":"玻璃侧透","mbSupport":"ATX, MATX, E-ATX","color":"黑色","gpuMaxLength":"≤42cm","cpuCoolerHeight":"167mm","frontPorts":"USB3.0×2, USB-C","fanSlots":"最多9个","price":"899元","rating":"4.8","stock":"有货"}');
INSERT INTO components (id, category, brand, title, specs) VALUES ('case-silverstone-RL06', 'case', '银欣', '银欣 RL06 垂直风道', '{"waterCooling":"240冷排","size":"中塔机箱","type":"网孔面板","mbSupport":"ATX, MATX","color":"黑色","gpuMaxLength":"≤39cm","cpuCoolerHeight":"169mm","frontPorts":"USB3.0×2","fanSlots":"最多7个","price":"449元","rating":"4.4","stock":"有货"}');
INSERT INTO components (id, category, brand, title, specs) VALUES ('case-fractal-design-define7', 'case', 'Fractal Design', 'Fractal Design Define 7', '{"waterCooling":"360冷排","size":"中塔机箱","type":"静音机箱","mbSupport":"ATX, MATX, E-ATX","color":"黑色","gpuMaxLength":"≤44cm","cpuCoolerHeight":"185mm","frontPorts":"USB3.1×2, USB3.0×2","fanSlots":"最多9个","price":"999元","rating":"4.7","stock":"有货"}');
INSERT INTO components (id, category, brand, title, specs) VALUES ('case-phanteks-eclipse-p500a', 'case', '追风者', '追风者 Eclipse P500A', '{"waterCooling":"360冷排","size":"中塔机箱","type":"网孔面板","mbSupport":"ATX, MATX, ITX","color":"黑色","gpuMaxLength":"≤40cm","cpuCoolerHeight":"175mm","frontPorts":"USB3.1×2, USB3.0×2","fanSlots":"最多9个","price":"799元","rating":"4.6","stock":"有货"}');
INSERT INTO components (id, category, brand, title, specs) VALUES ('case-cooler-master-nr200p', 'case', '酷冷至尊', '酷冷至尊 NR200P', '{"waterCooling":"240冷排","size":"迷你机箱","type":"玻璃侧透","mbSupport":"MATX, ITX","color":"黑色","gpuMaxLength":"≤33cm","cpuCoolerHeight":"155mm","frontPorts":"USB3.0×1, USB2.0×1","fanSlots":"最多5个","price":"399元","rating":"4.8","stock":"有货"}');
INSERT INTO components (id, category, brand, title, specs) VALUES ('case-cougar-panzer-evo', 'case', '骨伽', '骨伽 Panzer EVO', '{"waterCooling":"360冷排","size":"全塔机箱","type":"网孔面板","mbSupport":"E-ATX, ATX, MATX, ITX","color":"黑色","gpuMaxLength":"≤42cm","cpuCoolerHeight":"185mm","frontPorts":"USB3.0×2, USB2.0×2","fanSlots":"最多10个","price":"699元","rating":"4.5","stock":"有货"}');

-- 导入CPU规格数据
INSERT INTO cpu_specs (component_id, name, cores, threads, series, process, socket, has_fan, has_igpu, base_freq, boost_freq, cache, tdp, price, rating, stock) VALUES ('cpu-amd-Ryzen5_9600X', '锐龙5 9600X', '6核心', '12线程', 'Ryzen 5', '4纳米', 'Socket AM5', '不带风扇', '支持', '3.9GHz', '5.4GHz', '', '65W', '1599元', '4.7', '有货');
INSERT INTO cpu_specs (component_id, name, cores, threads, series, process, socket, has_fan, has_igpu, base_freq, boost_freq, cache, tdp, price, rating, stock) VALUES ('cpu-amd-Ryzen7_5700X', '锐龙7 5700X', '8核心', '16线程', 'Ryzen 7', '', 'Socket AM4', '不含风扇', '', '3.4GHz', '4.6GHz', '36MB', '65W', '1299元', '4.6', '有货');
INSERT INTO cpu_specs (component_id, name, cores, threads, series, process, socket, has_fan, has_igpu, base_freq, boost_freq, cache, tdp, price, rating, stock) VALUES ('cpu-intel-i5_13600K', '英特尔酷睿i5-13600K', '6核12线程', '', 'Core i5', 'Intel 7 (10nm)', 'LGA 1700', '带风扇', '支持', '3.5GHz', '5.1GHz', '24MB', '125W/181W', '1799元', '4.5', '有货');
INSERT INTO cpu_specs (component_id, name, cores, threads, series, process, socket, has_fan, has_igpu, base_freq, boost_freq, cache, tdp, price, rating, stock) VALUES ('cpu-intel-i7_13700K', '英特尔酷睿i7-13700K', '8核16线程', '', 'Core i7', 'Intel 7 (10nm)', 'LGA 1700', '带风扇', '支持', '3.4GHz', '5.4GHz', '30MB', '125W/253W', '2699元', '4.8', '有货');
INSERT INTO cpu_specs (component_id, name, cores, threads, series, process, socket, has_fan, has_igpu, base_freq, boost_freq, cache, tdp, price, rating, stock) VALUES ('cpu-amd-Ryzen9_7950X', 'AMD锐龙9 7950X', '16核32线程', '', 'Ryzen 9', '5纳米', 'Socket AM5', '不带风扇', '支持', '4.5GHz', '5.7GHz', '80MB', '170W', '3999元', '4.9', '有货');
INSERT INTO cpu_specs (component_id, name, cores, threads, series, process, socket, has_fan, has_igpu, base_freq, boost_freq, cache, tdp, price, rating, stock) VALUES ('cpu-intel-i9_13900K', '英特尔酷睿i9-13900K', '24核32线程', '', 'Core i9', 'Intel 7 (10nm)', 'LGA 1700', '带风扇', '支持', '3.0GHz', '5.8GHz', '36MB', '125W/253W', '4299元', '4.7', '有货');
INSERT INTO cpu_specs (component_id, name, cores, threads, series, process, socket, has_fan, has_igpu, base_freq, boost_freq, cache, tdp, price, rating, stock) VALUES ('cpu-amd-Ryzen5_7500F', 'AMD锐龙5 7500F', '6核12线程', '', 'Ryzen 5', '5纳米', 'Socket AM5', '不含风扇', '无', '3.7GHz', '5.0GHz', '38MB', '65W', '1099元', '4.4', '有货');
INSERT INTO cpu_specs (component_id, name, cores, threads, series, process, socket, has_fan, has_igpu, base_freq, boost_freq, cache, tdp, price, rating, stock) VALUES ('cpu-amd-Ryzen7_7700X', 'AMD锐龙7 7700X', '8核16线程', '', 'Ryzen 7', '5纳米', 'Socket AM5', '不含风扇', '支持', '4.5GHz', '5.4GHz', '40MB', '105W', '2299元', '4.6', '有货');
INSERT INTO cpu_specs (component_id, name, cores, threads, series, process, socket, has_fan, has_igpu, base_freq, boost_freq, cache, tdp, price, rating, stock) VALUES ('cpu-intel-i5_13400F', '英特尔酷睿i5-13400F', '10核16线程', '', 'Core i5', 'Intel 7 (10nm)', 'LGA 1700', '带风扇', '无', '2.5GHz', '4.6GHz', '20MB', '148W', '1499元', '4.3', '有货');
INSERT INTO cpu_specs (component_id, name, cores, threads, series, process, socket, has_fan, has_igpu, base_freq, boost_freq, cache, tdp, price, rating, stock) VALUES ('cpu-intel-i7_14700K', '英特尔酷睿i7-14700K', '20核28线程', '', 'Core i7', 'Intel 7 (10nm)', 'LGA 1700', '带风扇', '支持', '3.4GHz', '5.6GHz', '33MB', '125W/253W', '3199元', '4.7', '有货');

-- 导入主板规格数据
INSERT INTO mb_specs (component_id, name, cpu_socket, form_factor, ddr_gen, mem_slots, m2_slots, pcie, chipset, wifi, rgb, power_phase, price, rating, stock) VALUES ('mb-asus-TUF_B850M_PLUS_WIFI6E', '华硕TUFGAMINGB850M-PLUSWIFI', 'Socket AM5', 'MATX', 'DDR5', '4个', '3个', '支持PCIE5.0', 'B850', 'Wi-Fi 6E', 'ARGB', '14+2+1', '1599元', '4.6', '有货');
INSERT INTO mb_specs (component_id, name, cpu_socket, form_factor, ddr_gen, mem_slots, m2_slots, pcie, chipset, wifi, rgb, power_phase, price, rating, stock) VALUES ('mb-gigabyte-B650M_GAMING_DDR5', '', 'Socket AM5', 'MATX', 'DDR5', '4个', '2个', '支持PCIe4.0', 'B650', 'Wi-Fi 6', 'RGB FUSION', '8+2+1', '1299元', '4.4', '有货');
INSERT INTO mb_specs (component_id, name, cpu_socket, form_factor, ddr_gen, mem_slots, m2_slots, pcie, chipset, wifi, rgb, power_phase, price, rating, stock) VALUES ('mb-asrock-B650M_PHANTOM', '', 'Socket AM5', 'MATX', 'DDR5', '4个', '3个', '支持PCIe4.0', 'B650', 'Wi-Fi 6E', 'ARGB', '10+2+1', '1399元', '4.3', '有货');
INSERT INTO mb_specs (component_id, name, cpu_socket, form_factor, ddr_gen, mem_slots, m2_slots, pcie, chipset, wifi, rgb, power_phase, price, rating, stock) VALUES ('mb-msi-Z790_TOMAHAWK', '', 'LGA 1700', 'ATX', 'DDR5', '4个', '5个', '支持PCIe5.0', 'Z790', 'Wi-Fi 6E', 'MYSTIC LIGHT', '16+1+1', '2199元', '4.6', '有货');
INSERT INTO mb_specs (component_id, name, cpu_socket, form_factor, ddr_gen, mem_slots, m2_slots, pcie, chipset, wifi, rgb, power_phase, price, rating, stock) VALUES ('mb-colorful-B760M_FROZEN', '', 'LGA 1700', 'MATX', 'DDR5', '4个', '3个', '支持PCIe4.0', 'B760', 'Wi-Fi 6', 'ARGB', '12+1+1', '999元', '4.2', '有货');
INSERT INTO mb_specs (component_id, name, cpu_socket, form_factor, ddr_gen, mem_slots, m2_slots, pcie, chipset, wifi, rgb, power_phase, price, rating, stock) VALUES ('mb-maxsun-B760M_D5', '', 'LGA 1700', 'MATX', 'DDR5', '4个', '2个', '支持PCIe4.0', 'B760', '无', 'ARGB', '8+1+1', '799元', '4.1', '有货');
INSERT INTO mb_specs (component_id, name, cpu_socket, form_factor, ddr_gen, mem_slots, m2_slots, pcie, chipset, wifi, rgb, power_phase, price, rating, stock) VALUES ('mb-biostar-B650MT', '', 'Socket AM5', 'MATX', 'DDR5', '4个', '2个', '支持PCIe4.0', 'B650', '无', '无', '8+2+1', '899元', '4.0', '有货');
INSERT INTO mb_specs (component_id, name, cpu_socket, form_factor, ddr_gen, mem_slots, m2_slots, pcie, chipset, wifi, rgb, power_phase, price, rating, stock) VALUES ('mb-asus-ROG_STRIX_Z790E', '', 'LGA 1700', 'ATX', 'DDR5', '4个', '5个', '支持PCIe5.0', 'Z790', 'Wi-Fi 6E', 'ARGB', '18+1+2', '3299元', '4.8', '有货');
INSERT INTO mb_specs (component_id, name, cpu_socket, form_factor, ddr_gen, mem_slots, m2_slots, pcie, chipset, wifi, rgb, power_phase, price, rating, stock) VALUES ('mb-asrock-X670E_TAICHI', '', 'Socket AM5', 'ATX', 'DDR5', '4个', '4个', '支持PCIe5.0', 'X670E', 'Wi-Fi 6E', 'ARGB', '24+2+1', '3999元', '4.7', '有货');
INSERT INTO mb_specs (component_id, name, cpu_socket, form_factor, ddr_gen, mem_slots, m2_slots, pcie, chipset, wifi, rgb, power_phase, price, rating, stock) VALUES ('mb-onda-H610M', '', 'LGA 1700', 'MATX', 'DDR4', '2个', '1个', '支持PCIe4.0', 'H610', '无', '无', '5+1', '399元', '3.8', '有货');

-- 导入显卡规格数据
INSERT INTO gpu_specs (component_id, vram, vram_type, vram_bit_width, interface, model, chip, fans, rgb, power_connector, series, power_recommendation, length, price, rating, stock) VALUES ('gpu-colorful-RTX5060_8GB_DUO', '8GB', 'GDDR7', '128bit', 'HDMI,DP', 'RTX 5060', 'NVIDIA', '三风扇', '有', '8pin x 1', '七彩虹 战斧', '550W以上', '20cm', '2299元', '4.5', '有货');
INSERT INTO gpu_specs (component_id, vram, vram_type, vram_bit_width, interface, model, chip, fans, rgb, power_connector, series, power_recommendation, length, price, rating, stock) VALUES ('gpu-galax-RTX4070_12GB_XOC', '12GB', 'GDDR6X', '192bit', 'HDMI,DP', 'RTX 4070', 'NVIDIA', '三风扇', 'RGB', '8pin x 1', '影驰 星耀', '650W以上', '32cm', '4499元', '4.7', '有货');
INSERT INTO gpu_specs (component_id, vram, vram_type, vram_bit_width, interface, model, chip, fans, rgb, power_connector, series, power_recommendation, length, price, rating, stock) VALUES ('gpu-sapphire-RX7800_16GB', '16GB', 'GDDR6', '256bit', 'HDMI,DP,USB-C', 'RX 7800 XT', 'AMD', '三风扇', '有', '8pin x 2', '蓝宝石 白金版', '700W以上', '31cm', '4699元', '4.6', '有货');
INSERT INTO gpu_specs (component_id, vram, vram_type, vram_bit_width, interface, model, chip, fans, rgb, power_connector, series, power_recommendation, length, price, rating, stock) VALUES ('gpu-msi-RTX4080_16GB', '16GB', 'GDDR6X', '256bit', 'HDMI,DP', 'RTX 4080', 'NVIDIA', '三风扇', 'MYSTIC LIGHT', '12VHPWR', '微星 GAMING X TRIO', '750W以上', '33.7cm', '8999元', '4.8', '有货');
INSERT INTO gpu_specs (component_id, vram, vram_type, vram_bit_width, interface, model, chip, fans, rgb, power_connector, series, power_recommendation, length, price, rating, stock) VALUES ('gpu-yeston-RTX4090_24GB', '24GB', 'GDDR6X', '384bit', 'HDMI,DP', 'RTX 4090', 'NVIDIA', '三风扇', '有', '12VHPWR', '盈通 樱瞳', '850W以上', '30.4cm', '12999元', '4.9', '有货');
INSERT INTO gpu_specs (component_id, vram, vram_type, vram_bit_width, interface, model, chip, fans, rgb, power_connector, series, power_recommendation, length, price, rating, stock) VALUES ('gpu-gainward-RTX4060_8GB', '8GB', 'GDDR6', '128bit', 'HDMI,DP', 'RTX 4060', 'NVIDIA', '双风扇', '无', '8pin', '耕升 追风', '500W以上', '24cm', '2399元', '4.3', '有货');
INSERT INTO gpu_specs (component_id, vram, vram_type, vram_bit_width, interface, model, chip, fans, rgb, power_connector, series, power_recommendation, length, price, rating, stock) VALUES ('gpu-dataland-RX6750XT_12GB', '12GB', 'GDDR6', '192bit', 'HDMI,DP', 'RX 6750 XT', 'AMD', '双风扇', '无', '8pin x 1', '迪兰 X战将', '650W以上', '26.8cm', '2799元', '4.2', '有货');
INSERT INTO gpu_specs (component_id, vram, vram_type, vram_bit_width, interface, model, chip, fans, rgb, power_connector, series, power_recommendation, length, price, rating, stock) VALUES ('gpu-xfx-RX7900XTX_24GB', '24GB', 'GDDR6', '384bit', 'HDMI,DP,USB-C', 'RX 7900 XTX', 'AMD', '三风扇', '有', '8pin x 3', '讯景 海外版', '800W以上', '32.7cm', '7999元', '4.6', '有货');
INSERT INTO gpu_specs (component_id, vram, vram_type, vram_bit_width, interface, model, chip, fans, rgb, power_connector, series, power_recommendation, length, price, rating, stock) VALUES ('gpu-asa-RTX4070Ti_12GB', '12GB', 'GDDR6X', '192bit', 'HDMI,DP', 'RTX 4070 Ti', 'NVIDIA', '三风扇', '有', '12VHPWR', '翔升 战神', '700W以上', '30.4cm', '5999元', '4.4', '有货');
INSERT INTO gpu_specs (component_id, vram, vram_type, vram_bit_width, interface, model, chip, fans, rgb, power_connector, series, power_recommendation, length, price, rating, stock) VALUES ('gpu-asus-TUF-RTX4060Ti_8GB', '8GB', 'GDDR6X', '128bit', 'HDMI,DP', 'RTX 4060 Ti', 'NVIDIA', '三风扇', 'ARGB', '8pin', '华硕 TUF GAMING', '550W以上', '26.9cm', '3299元', '4.5', '有货');
INSERT INTO gpu_specs (component_id, vram, vram_type, vram_bit_width, interface, model, chip, fans, rgb, power_connector, series, power_recommendation, length, price, rating, stock) VALUES ('gpu-zotac-RTX4070S_12GB', '12GB', 'GDDR6X', '192bit', 'HDMI,DP', 'RTX 4070 SUPER', 'NVIDIA', '三风扇', 'ARGB', '8pin x 2', '索泰 天启', '650W以上', '30.5cm', '4899元', '4.6', '有货');
INSERT INTO gpu_specs (component_id, vram, vram_type, vram_bit_width, interface, model, chip, fans, rgb, power_connector, series, power_recommendation, length, price, rating, stock) VALUES ('gpu-maxsun-RTX4060_8GB', '8GB', 'GDDR6', '128bit', 'HDMI,DP', 'RTX 4060', 'NVIDIA', '双风扇', '无', '8pin', '铭瑄 终结者', '500W以上', '24.5cm', '2299元', '4.3', '有货');
INSERT INTO gpu_specs (component_id, vram, vram_type, vram_bit_width, interface, model, chip, fans, rgb, power_connector, series, power_recommendation, length, price, rating, stock) VALUES ('gpu-asus-tuf-rtx4060ti-8gb', '8GB', 'GDDR6', '128bit', 'PCIe 4.0', 'RTX 4060 Ti', 'NVIDIA', '3', 'ARGB', '8pin', '华硕 TUF', '550W以上', '30.5cm', '3299元', '4.5', '有货');

-- 导入内存规格数据
INSERT INTO ram_specs (component_id, capacity, speed, ddr_gen, timing, voltage, rgb, price, rating, stock) VALUES ('ram-jinbaida-DDR5_16GB_6000', '16GB', '6000MHz', 'DDR5', 'CL30', '1.35V', '无', '399元', '4.4', '有货');
INSERT INTO ram_specs (component_id, capacity, speed, ddr_gen, timing, voltage, rgb, price, rating, stock) VALUES ('ram-corsair-DDR5_32GB_6400', '32GB', '6400MHz', 'DDR5', 'CL32', '1.35V', '无', '899元', '4.6', '有货');
INSERT INTO ram_specs (component_id, capacity, speed, ddr_gen, timing, voltage, rgb, price, rating, stock) VALUES ('ram-gskill-DDR5_64GB_6000', '64GB', '6000MHz', 'DDR5', 'CL30', '1.35V', 'ARGB', '1899元', '4.7', '有货');
INSERT INTO ram_specs (component_id, capacity, speed, ddr_gen, timing, voltage, rgb, price, rating, stock) VALUES ('ram-gloway-DDR4_3600_32GB', '32GB', '3600/3733MHZ', 'DDR4', '', '', '', '499元', '4.3', '有货');
INSERT INTO ram_specs (component_id, capacity, speed, ddr_gen, timing, voltage, rgb, price, rating, stock) VALUES ('ram-corsair-DDR5_5600_32GB', '32GB', '5600MHz', 'DDR5', 'CL36', '', '', '799元', '4.6', '有货');
INSERT INTO ram_specs (component_id, capacity, speed, ddr_gen, timing, voltage, rgb, price, rating, stock) VALUES ('ram-gskill-DDR5_6400_32GB', '32GB', '6400MHz', 'DDR5', 'CL32', '', '', '999元', '4.7', '有货');
INSERT INTO ram_specs (component_id, capacity, speed, ddr_gen, timing, voltage, rgb, price, rating, stock) VALUES ('ram-adata-DDR4_3600_16GB', '16GB', '3600MHz', 'DDR4', 'CL18', '', '', '399元', '4.4', '有货');
INSERT INTO ram_specs (component_id, capacity, speed, ddr_gen, timing, voltage, rgb, price, rating, stock) VALUES ('ram-kingston-DDR5_6000_64GB', '64GB', '6000MHz', 'DDR5', 'CL40', '', '', '1599元', '4.5', '有货');
INSERT INTO ram_specs (component_id, capacity, speed, ddr_gen, timing, voltage, rgb, price, rating, stock) VALUES ('ram-klevv-DDR5_6000_32GB', '32GB', '6000MHz', 'DDR5', 'CL30', '', '', '899元', '4.5', '有货');
INSERT INTO ram_specs (component_id, capacity, speed, ddr_gen, timing, voltage, rgb, price, rating, stock) VALUES ('ram-patriot-DDR4_3200_64GB', '64GB', '3200MHz', 'DDR4', 'CL16', '', '', '1599元', '4.4', '有货');
INSERT INTO ram_specs (component_id, capacity, speed, ddr_gen, timing, voltage, rgb, price, rating, stock) VALUES ('ram-corsair-DDR5_5600_64GB', '64GB', '5600MHz', 'DDR5', 'CL36', '', '', '2999元', '4.8', '有货');
INSERT INTO ram_specs (component_id, capacity, speed, ddr_gen, timing, voltage, rgb, price, rating, stock) VALUES ('ram-gskill-DDR5_6000_48GB', '48GB', '6000MHz', 'DDR5', 'CL30', '', '', '1299元', '4.7', '有货');
INSERT INTO ram_specs (component_id, capacity, speed, ddr_gen, timing, voltage, rgb, price, rating, stock) VALUES ('ram-team-DDR4_3200_16GB', '16GB', '3200MHz', 'DDR4', 'CL16', '', '', '349元', '4.2', '有货');

-- 导入NVMe固态硬盘规格数据
INSERT INTO nvme_specs (component_id, capacity, interface, read_speed, write_speed, tbw, form_factor, cache, price, rating, stock) VALUES ('nvme-samsung-980PRO_1TB', '1TB', 'PCIe 4.0', '7000MB/s', '5000MB/s', '600TBW', 'M.2 2280', '1GB', '699元', '4.8', '有货');
INSERT INTO nvme_specs (component_id, capacity, interface, read_speed, write_speed, tbw, form_factor, cache, price, rating, stock) VALUES ('nvme-wd-SN850X_2TB', '2TB', 'PCIe 4.0', '7300MB/s', '6600MB/s', '1200TBW', 'M.2 2280', '2GB', '1199元', '4.7', '有货');
INSERT INTO nvme_specs (component_id, capacity, interface, read_speed, write_speed, tbw, form_factor, cache, price, rating, stock) VALUES ('nvme-acer-PREDATOR_4TB', '4TB', 'PCIe 4.0', '7400MB/s', '6700MB/s', '3000TBW', 'M.2 2280', '4GB', '1999元', '4.6', '有货');
INSERT INTO nvme_specs (component_id, capacity, interface, read_speed, write_speed, tbw, form_factor, cache, price, rating, stock) VALUES ('nvme-samsung-980_1TB', '1TB', 'PCIe 3.0 x4', '', '', '', 'M.2 2280', '512MB', '799元', '4.7', '有货');
INSERT INTO nvme_specs (component_id, capacity, interface, read_speed, write_speed, tbw, form_factor, cache, price, rating, stock) VALUES ('nvme-wd-sn770_1TB', '1TB', 'PCIe 4.0 x4', '', '', '', 'M.2 2280', '无DRAM缓存', '699元', '4.6', '有货');
INSERT INTO nvme_specs (component_id, capacity, interface, read_speed, write_speed, tbw, form_factor, cache, price, rating, stock) VALUES ('nvme-intel-670p_1TB', '1TB', 'PCIe 3.0 x4', '', '', '', 'M.2 2280', '512MB', '649元', '4.3', '有货');
INSERT INTO nvme_specs (component_id, capacity, interface, read_speed, write_speed, tbw, form_factor, cache, price, rating, stock) VALUES ('nvme-kingston-kc3000_2TB', '2TB', 'PCIe 4.0 x4', '', '', '', 'M.2 2280', '2GB', '1499元', '4.7', '有货');
INSERT INTO nvme_specs (component_id, capacity, interface, read_speed, write_speed, tbw, form_factor, cache, price, rating, stock) VALUES ('nvme-kioxia-exceria_4TB', '4TB', 'PCIe 4.0 x4', '', '', '', 'M.2 2280', '2GB', '2499元', '4.6', '有货');
INSERT INTO nvme_specs (component_id, capacity, interface, read_speed, write_speed, tbw, form_factor, cache, price, rating, stock) VALUES ('nvme-crucial-p5plus_2TB', '2TB', 'PCIe 4.0 x4', '', '', '', 'M.2 2280', '2GB', '1399元', '4.5', '有货');
INSERT INTO nvme_specs (component_id, capacity, interface, read_speed, write_speed, tbw, form_factor, cache, price, rating, stock) VALUES ('nvme-sandisk-extreme_1TB', '1TB', 'PCIe 4.0 x4', '', '', '', 'M.2 2280', '1GB', '899元', '4.6', '有货');
INSERT INTO nvme_specs (component_id, capacity, interface, read_speed, write_speed, tbw, form_factor, cache, price, rating, stock) VALUES ('nvme-plextor-m10p_2TB', '2TB', 'PCIe 4.0 x4', '', '', '', 'M.2 2280', '2GB', '1699元', '4.7', '有货');
INSERT INTO nvme_specs (component_id, capacity, interface, read_speed, write_speed, tbw, form_factor, cache, price, rating, stock) VALUES ('nvme-samsung-990pro_4TB', '4TB', 'PCIe 4.0 x4', '', '', '', 'M.2 2280', '4GB', '2999元', '4.9', '有货');
INSERT INTO nvme_specs (component_id, capacity, interface, read_speed, write_speed, tbw, form_factor, cache, price, rating, stock) VALUES ('nvme-wd-sn850x_2TB', '2TB', 'PCIe 4.0 x4', '', '', '', 'M.2 2280', '2GB', '1599元', '4.8', '有货');

-- 导入机箱规格数据
INSERT INTO case_specs (component_id, form_factor, motherboard_support, gpu_length, cpu_cooler_height, psu_support, fan_slots, rgb, price, rating, stock) VALUES ('case-huntkey-AX500', 'ATX', 'ATX/MATX/ITX', '≤35cm', '≤16.5cm', 'ATX', '前3/顶2/后1', '有', '199元', '4.2', '有货');
INSERT INTO case_specs (component_id, form_factor, motherboard_support, gpu_length, cpu_cooler_height, psu_support, fan_slots, rgb, price, rating, stock) VALUES ('case-coolermaster-TD500', 'ATX', 'ATX/MATX/ITX', '≤41cm', '≤16.5cm', 'ATX', '前3/顶2/后1', 'ARGB', '399元', '4.5', '有货');
INSERT INTO case_specs (component_id, form_factor, motherboard_support, gpu_length, cpu_cooler_height, psu_support, fan_slots, rgb, price, rating, stock) VALUES ('case-lianli-O11D', 'ATX', 'ATX/EATX/MATX/ITX', '≤42cm', '≤16.7cm', 'ATX', '侧3/底3/顶3/后1', '无', '899元', '4.8', '有货');
INSERT INTO case_specs (component_id, form_factor, motherboard_support, gpu_length, cpu_cooler_height, psu_support, fan_slots, rgb, price, rating, stock) VALUES ('case-huntkey-S900', '', '', '', '155mm', '', '', '不支持RGB光控', '399元', '4.4', '有货');
INSERT INTO case_specs (component_id, form_factor, motherboard_support, gpu_length, cpu_cooler_height, psu_support, fan_slots, rgb, price, rating, stock) VALUES ('case-sagan-Air', '', '', '', '175mm', '', '最多10个', '', '299元', '4.2', '有货');
INSERT INTO case_specs (component_id, form_factor, motherboard_support, gpu_length, cpu_cooler_height, psu_support, fan_slots, rgb, price, rating, stock) VALUES ('case-coolerMaster-TD500', '', '', '', '165mm', '', '最多7个', '', '549元', '4.5', '有货');
INSERT INTO case_specs (component_id, form_factor, motherboard_support, gpu_length, cpu_cooler_height, psu_support, fan_slots, rgb, price, rating, stock) VALUES ('case-aigo-StarDust', '', '', '', '178mm', '', '最多9个', '', '399元', '4.3', '有货');
INSERT INTO case_specs (component_id, form_factor, motherboard_support, gpu_length, cpu_cooler_height, psu_support, fan_slots, rgb, price, rating, stock) VALUES ('case-lianli-O11', '', '', '', '167mm', '', '最多9个', '', '899元', '4.8', '有货');
INSERT INTO case_specs (component_id, form_factor, motherboard_support, gpu_length, cpu_cooler_height, psu_support, fan_slots, rgb, price, rating, stock) VALUES ('case-silverstone-RL06', '', '', '', '169mm', '', '最多7个', '', '449元', '4.4', '有货');
INSERT INTO case_specs (component_id, form_factor, motherboard_support, gpu_length, cpu_cooler_height, psu_support, fan_slots, rgb, price, rating, stock) VALUES ('case-fractal-design-define7', '', '', '', '185mm', '', '最多9个', '', '999元', '4.7', '有货');
INSERT INTO case_specs (component_id, form_factor, motherboard_support, gpu_length, cpu_cooler_height, psu_support, fan_slots, rgb, price, rating, stock) VALUES ('case-phanteks-eclipse-p500a', '', '', '', '175mm', '', '最多9个', '', '799元', '4.6', '有货');
INSERT INTO case_specs (component_id, form_factor, motherboard_support, gpu_length, cpu_cooler_height, psu_support, fan_slots, rgb, price, rating, stock) VALUES ('case-cooler-master-nr200p', '', '', '', '155mm', '', '最多5个', '', '399元', '4.8', '有货');
INSERT INTO case_specs (component_id, form_factor, motherboard_support, gpu_length, cpu_cooler_height, psu_support, fan_slots, rgb, price, rating, stock) VALUES ('case-cougar-panzer-evo', '', '', '', '185mm', '', '最多10个', '', '699元', '4.5', '有货');

-- 记录导入日志
INSERT INTO import_logs (import_date, total_components, cpu_count, mb_count, gpu_count, ram_count, nvme_count, case_count, import_status, error_message) VALUES (CURDATE(), 72, 10, 12, 15, 13, 12, 13, 'success', NULL);

-- 重新启用外键检查
SET FOREIGN_KEY_CHECKS = 1;

-- 导入完成统计
-- 总组件数: 72
-- CPU: 10
-- 主板: 12
-- 显卡: 15
-- 内存: 13
-- NVMe: 12
-- 机箱: 13
